A,B,C,D,E,F,G,H,I,J,targets
197570,11103674,1603414,1305320,1927568,197569.25,118481,13036649.28,0,2608513.92,0
238222,10350558,1589058,3736192,2224278,238222.13,89386,12329568.96,417763.2,2420091.84,0
79378,4688054,1659970,796712,3392018,79377.04,27082,6531288.96,1469730.24,2210408.64,0
60384,2628434,370990,244742,276156,60384.41,22366,3070599.36,0,390961.92,0
382,27342,2036,16664,5468,382.31,115,24551.04,0,9610.56,0
91910,4760680,251066,259130,300460,91910.75,28446,4801624.32,0,592585.92,0
31682,1749080,241958,186276,454502,31681.22,10780,2011812.48,0,567917.76,0
6,8978,176,4216,1742,5.11,48,2361.6,0,1901.76,0
35824,1662380,127282,125560,220742,35824.27,10309,1845714.24,0,211830.72,0
32816,1632032,101904,88736,91628,32815.53,14065,1747288.32,0,144008.64,0
1338,48906,2834,8620,5734,1337.82,217,49033.92,0,4022.4,0
586,31214,2154,13276,6984,585.32,175,32614.08,0,8282.88,0
700228,35870330,4134028,3889406,4477608,700228.66,22724,34501643.52,0,12179746.56,0
110,20008,550,7074,4136,110.7,59,9534.72,0,8345.28,0
1440,92862,3062,13992,8692,1440.81,247,81994.56,0,11519.04,0
39486,2083526,251218,388382,267592,39485.55,13880,2294949.12,0,401068.8,0
60134,2814820,391370,303424,281022,60134.8,25283,3173683.2,0,524671.68,0
31536,1342312,253714,137654,237576,31536.97,16922,1613383.68,15432,294168,0
102188,922106,3287652,696426,3687306,102187.61,63773,6197207.04,0,2289833.28,0
45304,2129032,224252,473010,261254,45304.19,12480,2323778.88,0,376320.96,0
14,15474,124,9164,3466,14.4,32,2459.52,0,6593.28,0
8,13650,246,6782,1434,7.43,25,1706.88,0,3385.92,0
80034,4760048,447092,542888,319922,80034.86,36742,5161148.16,0,634510.08,0
40232,2212384,176552,181016,165110,40231.16,15121,2378046.72,0,297159.36,0
257032,13001586,924288,933944,1100848,257032.68,88354,13480341.12,0,2000790.72,0
15110,812840,150974,132134,155334,15109.57,8076,915333.12,9422.4,238380.48,0
42090,2486004,139102,510718,429962,42089.51,12209,2434643.52,0,545621.76,0
39946,1868604,327944,207896,255118,39945.87,15531,2348820.48,0,278258.88,0
30376,1580714,797712,458476,543946,30375.44,21887,2882349.12,0,406400.64,0
16,10922,830,9102,2152,16.32,0,2325.12,0,3049.92,0
94,45290,1288,9132,10038,94.31,62,8627.52,0,38016,0
21438,1104498,101338,200110,110906,21437.62,6243,1159205.76,0,182035.2,0
586,61084,6314,18956,18794,585.94,235,36198.72,21295.68,22707.84,0
39778,2079268,194880,188756,144204,39777.87,16083,2298318.72,0,212598.72,0
8,20920,834,8074,2496,8.63,25,1413.12,24,4575.36,0
20,12450,270,20452,1864,20.94,30,2966.4,0,6620.16,0
426,26276,7330,17532,18216,425.39,265,25618.56,9159.36,15752.64,0
724,43626,2160,5630,3370,724.29,149,41088.96,0,5613.12,0
678884,31333842,5618960,3831264,7170902,678884.12,52634,35338214.4,2286339.84,9141027.84,0
48786,2669426,276432,209640,233632,48785.54,22550,2922742.08,31.68,398182.08,0
8,19840,796,3548,3292,7.82,34,2133.12,0,9797.76,0
119226,6365732,693466,709514,615054,119226.69,50082,7144390.08,0,776938.56,0
41296,2139384,201964,416790,125874,41296.81,15917,2276317.44,0,261995.52,0
300,40848,3608,25262,9030,299.1,150,21279.36,0,32242.56,0
58470,2876538,483622,408986,403578,58469.79,27269,3438277.44,0,557326.08,0
34,13848,892,13974,3958,34.78,27,3587.52,0,6977.28,0
28968,1156068,89476,209408,88980,28968.52,10181,1261000.32,0,89523.84,0
31128,1948064,158016,183498,334314,31127.6,13078,1994552.64,0,579995.52,0
38988,2201534,266186,177682,213660,38988.5,15822,2245759.68,0,569678.4,0
494,38476,930,6624,5750,493.4,141,29503.68,0,10308.48,0
66892,2994002,798200,495828,714776,66892.36,26644,4098239.04,41721.6,718331.52,0
80226,4988188,934644,765702,878986,80226.78,29993,5550203.52,0,1665210.24,0
16,12728,842,2616,2298,16.17,30,2755.2,70.08,2992.32,0
14,24750,798,38070,2772,13.17,31,3119.04,0,6370.56,0
47660,2362728,331196,362950,184590,47660.93,18246,2633396.16,0,400303.68,0
30096,1706556,127012,196666,115988,30096.88,13648,1794003.84,0,232232.64,0
106374,6009744,417932,450748,275286,106373.21,31201,5614651.2,0,1073518.08,0
59026,4762016,464788,1824912,460686,59026.12,18095,3897051.84,0,1298855.04,0
8,1784,282,17258,938,8.76,25,1217.28,0,1393.92,0
38750,4125214,689564,377462,694326,38749.4,20811,4109251.2,46786.56,1653566.4,0
4242,315290,11312,69584,32124,4242.29,0,262277.76,0,101746.56,0
60648,2979862,171676,386534,150286,60648.46,17701,3026566.08,0,302347.2,0
214,22328,648,2728,6050,214.95,86,15573.12,0,9668.16,0
8,6774,228,8264,1696,8.02,38,1457.28,0,2525.76,0
138,26818,2612,5116,9796,137.78,85,12213.12,4326.72,14218.56,0
40164,1824730,404020,298188,314788,40164.25,16066,2361573.12,0,377469.12,0
617820,23653466,4806482,12438410,6053102,617819.38,206782,31514404.8,0,6500441.28,0
39736,2201378,254382,294744,333034,39735.97,17169,2191957.44,0,683224.32,0
81296,4472348,471620,450418,268740,81295.77,37060,5071356.48,0,460172.16,0
99026,5100102,844752,789970,644512,99026.78,43335,5959538.88,5.76,1078427.52,0
52704,3197334,212192,158828,155442,52703.52,17847,3066089.28,0,591357.12,0
406,30804,4850,24306,15920,406.51,171,27433.92,9935.04,11997.12,0
31194,1691458,208022,139148,145038,31193.78,17401,1867919.04,0,303851.52,0
2742,177184,5468,12874,24498,2742.12,643,149243.52,0,62541.12,0
81588,3672454,626626,624514,507960,81587.25,29542,4533496.32,0,615587.52,0
61540,3153566,547152,383414,628258,61539.87,34249,3857786.88,0,752038.08,0
172,15882,2452,9914,7844,171.16,71,12718.08,0,8748.48,0
38466,1919816,268436,225920,164972,38466.85,16960,2209136.64,0,307365.12,0
12304,734884,55872,122384,60162,12303.02,6480,735822.72,0,146010.24,0
89236,4556100,606504,480922,401914,89235.44,49096,5378477.76,0,517402.56,0
31820,1369408,308280,395862,231902,31820.58,16254,1854925.44,0,200251.2,0
328,26376,2368,6326,4484,327.87,83,20779.2,0,9323.52,0
30,18062,1232,11312,4652,30.14,37,5083.2,0,9775.68,0
20200,6476756,664902,215650,852096,20200.76,0,3446211.84,0,4177119.36,0
278,36904,7298,21724,16906,277.98,573,29408.64,126.72,31152,0
40612,1929096,165478,145184,149718,40611.1,12627,2014211.52,0,297560.64,0
22,5114,1128,13572,3302,21.65,32,3469.44,0,5536.32,0
44062,2128872,266988,411678,186412,44062.73,20205,2363548.8,0,328856.64,0
50588,2848992,228098,234438,119078,50587.34,16433,2955847.68,0,311297.28,0
31838,1823958,247082,226730,229306,31837.73,15661,1910504.64,0,495959.04,0
28960,1330696,262822,198742,205088,28959.47,15335,1708640.64,0,189406.08,0
305732,15756844,2288716,1568448,2272924,305732.16,149980,18082961.28,0,3401032.32,0
2236,167096,6660,6788,13332,2236.13,825,107964.48,64509.12,15919.68,0
30640,2053516,202620,160324,126078,30640.78,16722,2304600,0,188665.92,0
694,78848,1600,3124,11882,693.25,243,50263.68,0,43337.28,0
272,48498,3982,16070,13718,272.14,139,24792.96,11932.8,21910.08,0
214028,17661302,4800902,5948948,5691136,214028.49,167337,21069694.08,0,8275511.04,0
351350,18420822,9812768,8202066,15179190,351350.44,311597,38835647.04,0,18174559.68,0
1992,91282,8446,8530,19334,1992.41,619,96491.52,0,24623.04,0
150864,8318088,1008114,947402,749062,150864.72,66647,9382371.84,0,1272856.32,0
40802,2096208,285108,246796,246790,40802.17,17960,2404201.92,0,410496.96,0
6562,422988,70954,91658,82568,6561.76,3572,396904.32,0,197625.6,0
6020,282296,26182,22046,14424,6020.19,1112,320746.56,0,17988.48,0
16,5346,380,11062,2016,16.32,33,2175.36,0,4185.6,0
61272,2925690,380204,376810,337466,61272.38,26887,3434606.4,0,468005.76,0
58314,2961434,290876,268232,283032,58314.5,20977,3063470.4,0,598138.56,0
58750,2714976,240844,226802,145088,58749.55,18646,2808896.64,0,410116.8,0
40230,1979436,179926,218192,102712,40230.69,16281,2249208,0,161354.88,0
29674,1310936,254830,427028,263292,29674.91,15418,1601055.36,0,293425.92,0
1286,106392,6358,15488,9508,1286.21,297,78074.88,0,26424,0
4044,1445504,35718,563790,68514,4043.87,0,230010.24,582905.28,75168.96,0
31486,1371028,454222,179154,409816,31486.01,20336,1835087.04,0,540587.52,0
41030,1777110,306266,307516,220170,41029.61,17650,2385389.76,0,154666.56,0
100050,5211026,644574,430506,518880,100050.01,43677,5946403.2,0,763753.92,0
152,13876,1636,4528,7888,152.82,70,12401.28,0,11479.68,0
269332,11802740,2458446,2445430,1838938,269331.84,128224,16420442.88,0,1299515.52,0
10,11500,94,784,2058,10.02,24,2334.72,0,2387.52,0
79638,3829774,582292,575790,457710,79637.06,26441,4360117.44,0,828131.52,0
1846,81942,11722,22960,11960,1845.77,365,97288.32,73.92,12283.2,0
81664,4254674,395382,391318,295562,81663.59,25152,4640322.24,0,463863.36,0
148896,7556074,749258,623676,658462,148896.3,65180,8696194.56,0,779218.56,0
2148,135542,6442,2458,11606,2147.49,469,132075.84,0,9245.76,0
180,38044,4100,30162,11130,180.26,126,9815.04,9050.88,18191.04,0
58024,3561166,620052,538804,732028,58023.64,19428,3730369.92,0,1406502.72,0
44224,2130830,318326,323874,227774,44224.06,15539,2362280.64,0,441060.48,0
37268,1797690,193222,366054,125852,37267.43,12979,1981416.96,0,190265.28,0
16,6480,690,13318,2130,15.79,34,2725.44,155.52,2802.24,0
14154,1170854,76078,103074,117392,14153.73,4601,807107.52,340784.64,215524.8,0
2056,131800,4126,33918,26824,2056.37,736,107486.4,4612.8,50298.24,0
150,70692,8970,21614,17092,149.84,329,51122.88,3095.04,28528.32,0
576254,35982100,11228084,10773776,23479978,576253.74,397602,58468588.8,0,17517527.04,0
18,9102,1166,17312,3662,17.88,31,3441.6,0,5568.96,0
360370,20202338,1608660,1746084,1626102,360370.07,146064,23129034.24,0,1783019.52,0
6746,333630,18652,19168,27666,6746.54,1374,354994.56,0,32878.08,0
802,43272,4936,20206,13304,802.47,296,44676.48,0,17677.44,0
26460,1334256,131898,116122,147130,26460.34,12417,1455779.52,0,209191.68,0
38374,1805390,225632,212634,136004,38374.59,13722,2058975.36,0,242861.76,0
26,6326,916,7268,2602,25.63,17,3777.6,0,3818.88,0
38808,1908564,243498,227772,210758,38808.08,17068,2159364.48,0,241513.92,0
526288,463924,843846,488976,1696514,526288.01,462121,48040403.52,1280861.76,15032229.12,0
810,41760,4588,23642,8354,809.73,181,45025.92,0,10023.36,0
80014,4136670,523336,624792,423168,80013.03,24679,4515154.56,0,721979.52,0
32730,1596760,327598,250964,282138,32730.28,19015,1919721.6,0,422932.8,0
30,8918,1822,6136,3996,29.67,18,5659.2,0,4174.08,0
4440,309656,24706,62320,25950,4440.37,1576,246744.96,6312.96,71687.04,0
1750,148958,4800,26074,19526,1750.8,729,91723.2,0,81365.76,0
90328,4412374,448662,391874,458404,90328.96,39839,4712663.04,0,834351.36,0
59518,3193668,362194,366952,247064,59518.75,23807,3601462.08,0,436800,0
4870,273562,16760,79796,22078,4870.49,1833,255211.2,0,29172.48,0
31660,1413392,233216,161866,225572,31659.04,10377,1668658.56,0,329760.96,0
34,6536,1390,2202,3948,34.43,21,6464.64,0,4595.52,0
6,6852,652,9580,1662,6.36,24,1865.28,0,3477.12,0
38200,1982960,319636,214424,268868,38199.64,22430,2355938.88,0,350199.36,0
3438,279306,33054,116058,55360,3438.49,1320,208199.04,44008.32,51682.56,0
13596,767744,48634,99152,45516,13596.61,3907,679246.08,0,91118.4,0
105406,6376580,579080,614232,458558,105406.27,36740,6850248.96,0,820897.92,0
390,27794,6428,8228,16292,390.46,0,27961.92,0,28922.88,0
18,8870,410,9412,1870,18.98,20,2734.08,182.4,2215.68,0
730,37222,2876,4498,6884,730.8,149,40403.52,0,5350.08,0
60052,3527178,534900,371338,487794,60052.24,37135,3818477.76,33559.68,950131.2,0
39762,2320276,191086,175854,181474,39762.49,18328,2457294.72,0,362727.36,0
230060,10629314,306366,530870,305656,230059.93,60527,10828345.92,0,484882.56,0
78660,2368024,1581850,753094,1336862,78660.88,38957,5175569.28,0,608276.16,0
22860,1054602,121012,358858,116094,22859.93,7227,1181214.72,0,145255.68,0
1470234,57795848,8901314,14580808,10999158,1470233.18,499752,75835067.52,0,8617666.56,0
18032,1232534,323648,197900,413222,18032.9,10545,1284084.48,0,756098.88,0
38822,2008292,258488,234152,190698,38821.93,16806,2308004.16,0,267290.88,0
59472,2797710,570558,537342,443098,59471.52,28860,3601996.8,0,473893.44,0
1746,85334,6330,7002,6790,1746.57,309,90126.72,0,9760.32,0
75140,4610648,315116,362050,299816,75140.18,27562,4757446.08,0,715944,0
61146,5592938,921644,2696676,953496,61145.37,20892,5005326.72,0,2394260.16,0
12,9864,118,4466,1142,11.04,18,2096.64,0,2723.52,0
4,2310,70,2164,1054,3.47,44,4667.52,0,7678.08,0
12,13040,156,10264,1380,11.42,36,2182.08,0,2804.16,0
49490,2486706,473686,763806,331198,49489.65,21808,3058909.44,0,489954.24,0
59404,4734364,1068362,700198,834554,59403.75,42471,5948440.32,0,1146835.2,0
29040,1503430,155790,212484,134446,29040.67,11751,1810443.84,0,88308.48,0
40094,2215732,419610,274684,356558,40094.05,19921,2501496,33769.92,669527.04,0
74,7596,6246,3092,13150,74.64,73,7679.04,4582.08,14578.56,0
24794,1426736,95094,162112,118122,24793.2,9465,1498379.52,0,167140.8,0
3266,140574,15302,13420,9904,3266.5,640,162227.52,0,9365.76,0
18,8326,712,10138,2704,18.93,39,3038.4,648,2416.32,0
0,100608,8098,15790,14674,0,564,69934.08,0,55231.68,0
2610,132154,10516,9742,10618,2609.19,550,139344,0,19052.16,0
147154,5985944,706432,2336134,1053144,147154.48,46814,7113884.16,0,1082720.64,0
40292,1943784,242272,240628,183166,40291.58,17036,2257395.84,0,234096,0
57022,2760060,272794,327646,287300,57021.77,19760,2925670.08,79613.76,400347.84,0
40714,2651382,295788,216038,331292,40713.37,14821,2772036.48,0,628866.24,0
59582,3736942,670810,351612,648874,59582.8,34901,4064295.36,0,1295971.2,0
26,15402,1542,9910,8470,25.36,61,4404.48,0,22518.72,0
62068,2795206,413634,396704,221402,62068.11,30077,3371370.24,0,313241.28,0
40926,2458968,238122,140384,195934,40925.12,18198,2685266.88,0,328924.8,0
789420,32882466,3993826,11893562,5106572,789419,55085,37527537.6,0,5743057.92,0
92062,4306822,326354,833228,405456,92061.36,10923,4624883.52,23.04,466945.92,0
770,52656,1516,4608,2488,770.84,179,49298.88,0,4986.24,0
930,57398,2384,7358,4098,930.9,181,48331.2,0,7968.96,0
2494,118834,4750,34370,16888,2493.28,1144,116252.16,6561.6,19526.4,0
122550,5193980,455850,1040960,827646,122550.74,38049,5713714.56,0,925725.12,0
27928,1405146,181186,187372,155350,27928.99,12584,1673394.24,0,178525.44,0
32,14482,960,5264,2176,31.67,48,4398.72,0,3641.28,0
14,27748,1798,7206,7232,13.61,66,13656.96,1537.92,9896.64,0
50526,2872238,255714,246930,225986,50525.28,21708,2870435.52,0,657519.36,0
31014,1671152,118356,137218,126750,31013.4,12158,1809034.56,0,176947.2,0
28486,2220718,181842,190036,242420,28485.71,10105,1752274.56,506640.96,407859.84,0
81534,3472606,555760,325856,410078,81533.19,33658,4065780.48,0,638232.96,0
30,5964,1330,2696,3312,30.52,29,4981.44,28.8,3826.56,0
28892,1869896,89914,88740,127550,28892.78,11030,1676381.76,0,446975.04,0
118562,5748596,451494,382280,263554,118561.56,36887,6041845.44,0,660858.24,0
29074,1720788,145988,268104,165372,29074.44,13828,1824625.92,0,241894.08,0
30912,1510158,83934,78426,104808,30912.12,8622,1585448.64,0,157630.08,0
40772,2213566,202122,142334,183044,40771.7,11239,2328888.96,105.6,351289.92,0
24,3870,786,2178,4400,24.29,35,4763.52,0,4193.28,0
41528,2000620,442840,422718,370438,41527.8,21558,2474929.92,26886.72,525121.92,0
26,7806,672,11814,2522,25.45,30,3962.88,0,3124.8,0
673532,27781614,2867376,3009776,3885900,673531.91,220111,33316454.4,0,3995361.6,0
28,3714,1814,2490,3404,27.87,14,4483.2,0,3704.64,0
10,9764,484,39152,2388,9.41,37,1492.8,0,4621.44,0
33936,2266196,192274,259930,140712,33936.41,11187,1981096.32,0,493805.76,0
38694,1832810,225606,216090,202212,38693.41,16653,2138480.64,0,245782.08,0
585560,28831480,2715872,7243754,3258754,585559.02,109045,29806697.28,373300.8,6177546.24,0
8,7462,502,9234,1832,8.44,20,1953.6,0,2443.2,0
37926,2590750,276970,190320,520676,37925.57,12637,2795574.72,0,925076.16,0
37116,1788100,284336,267236,197348,37116.41,17317,2097310.08,0,288048,0
40246,2513958,374188,225036,381758,40245.09,15146,2581465.92,0,856391.04,0
2852,180808,23730,26428,35638,2851.94,893,187732.8,0,53761.92,0
39486,2908718,232780,156860,222586,39485.5,11506,2731471.68,105675.84,606987.84,0
67968,3842738,173374,334426,133130,67968.32,23149,3853453.44,0,328830.72,0
12,4150,430,8394,1970,11.42,26,1967.04,0,3100.8,0
29090,1531050,171878,205602,142068,29090.65,14800,1716936,0,245180.16,0
41706,2395346,160270,142910,115290,41705.44,17909,2508834.24,0,258783.36,0
62,19490,730,20898,3172,62.77,44,6304.32,0,8330.88,0
28454,2199306,732154,535500,729168,28453.67,22617,3239997.12,0,735032.64,0
34,13468,578,7522,2946,33.74,38,5224.32,30.72,3902.4,0
638,44914,2196,3032,4726,637.39,199,32434.56,6733.44,6707.52,0
42284,2057992,260312,236700,159218,42283.94,20568,2350856.64,0,278133.12,0
1576,75302,3978,38088,21528,1575.75,516,80995.2,664.32,22184.64,0
916,75254,2382,16198,14316,915.43,328,52680,18526.08,20828.16,0
62546,3460112,377190,271018,317874,62545.85,25171,3794632.32,0,580919.04,0
18,8778,1112,20130,5746,18.93,40,3478.08,0,11076.48,0
164876,8788450,633964,1606698,750812,164875.6,53291,8825234.88,17.28,1521372.48,0
39818,2031170,228328,179484,140998,39818.43,17099,2219253.12,0,301346.88,0
1214,77342,7658,69052,14798,1213.2,414,62392.32,0,32878.08,0
14,15268,252,8414,2494,14.02,23,2776.32,0,4392.96,0
32,2252,2378,9682,6342,32,40,5321.28,0,5112.96,0
187790,9483440,591208,703118,650124,187790.22,0,9534335.04,0,1514432.64,0
10730,790398,11524,24198,29564,10730.03,2694,717768.96,0,83422.08,0
30626,1665936,149380,137206,152112,30626.18,16264,1874489.28,0,197093.76,0
234598,12097416,941172,1737910,1298070,234598.08,91631,14080722.24,0,1235874.24,0
12,8458,454,12782,2188,11.61,30,2563.2,0,3116.16,0
16276,3408560,270672,262728,223148,16275.8,9046,2185485.12,134758.08,1474776,0
40068,2088058,318162,262970,213300,40067.9,16504,2393290.56,0,402787.2,0
607596,27021136,2476324,3482486,3207370,607595.69,193210,29330764.8,0,3841104.96,0
2288,113514,8922,9386,6852,2288.84,500,123986.88,0,9850.56,0
41386,2826494,1336142,873870,1077560,41385.37,31130,4965748.8,0,714227.52,0
114,24658,1106,13132,5954,114.11,60,13245.12,0,7747.2,0
39632,2103614,436636,370190,509436,39632.36,17007,2692439.04,0,584033.28,0
2072,109164,5214,16630,7844,2072.92,414,107784,0,11261.76,0
59518,2800874,248296,204680,234362,59518.71,18937,3012600,0,352920,0
11180,592712,69822,95532,68920,11180.6,2863,572469.12,0,166715.52,0
38958,2034708,199198,185064,153618,38958.7,14737,2058884.16,0,370186.56,0
42478,2194904,354880,249144,281944,42477.81,22408,2604356.16,0,430322.88,0
38572,1714794,169762,176834,128578,38571.64,13767,1900833.6,0,217633.92,0
134358,6288190,544034,1232298,997344,134358.75,41688,6317005.44,0,1685944.32,0
39732,2246252,210416,437370,241366,39732.89,15371,2346825.6,0,395498.88,0
2778,146228,13926,19034,33294,2777.57,819,148495.68,0,44658.24,0
1438,90350,3024,15060,10514,1437.63,411,77516.16,0,19349.76,0
244,162788,9720,152928,31700,243.35,252,22913.28,71301.12,61224,0
235812,11184398,414800,1969214,456122,235812.68,533,11364783.36,0,765787.2,0
41628,3294240,453574,333646,666540,41628.16,17747,2921482.56,550528.32,1045611.84,0
61414,2756848,646352,396146,526484,61414.21,29055,3560715.84,19.2,674827.2,0
132,26536,3598,15928,11540,131.28,114,11443.2,0,22760.64,0
74298,4467350,432928,656792,336884,74297.28,27415,3942538.56,0,1352896.32,0
32,7754,1952,932,4156,31.2,15,7083.84,0,5974.08,0
39626,2639716,386376,198970,421112,39626.92,17982,2567695.68,0,1035257.28,0
3340,223346,11078,36042,22206,3339.63,0,158720.64,25496.64,64272.96,0
70,27152,3076,18908,11132,69.65,91,10098.24,6683.52,15788.16,0
126260,5850942,464816,357972,709776,126260.6,0,6019693.44,0,1185742.08,0
822,197974,17844,76582,38172,821.19,482,59417.28,104985.6,39739.2,0
1422,80744,8226,21182,19356,1422.71,412,79819.2,0,30644.16,0
30,6126,1016,1634,3034,30.32,16,4958.4,0,3976.32,0
259808,12399842,1426442,1436872,1867858,259808.51,84516,14552150.4,0,2182579.2,0
40890,2249954,288512,228670,189066,40889.26,19691,2530823.04,0,361107.84,0
65406,3119430,421550,422606,297924,65406.2,23010,3678216.96,0,392404.8,0
220,18576,3532,23728,7062,220.34,93,14937.6,533.76,10558.08,0
568520,28190248,4802144,9133028,6295856,568520.73,233626,34632351.36,0,7627675.2,0
2334,109460,5244,10678,9374,2333.57,437,122049.6,0,6738.24,0
18,8578,1158,7276,2854,18.03,28,2992.32,0,5264.64,0
40822,2177648,250764,233852,196856,40821.34,17553,2368976.64,0,363316.8,0
45322,2266026,338008,224548,229618,45322.97,23768,2736340.8,0,291103.68,0
21636,1174608,100030,102884,118392,21635.53,10739,1264417.92,0,155115.84,0
1012,66584,3408,129862,17352,1011.38,331,48461.76,13441.92,21633.6,0
172,16566,1804,1842,3682,172.85,71,14448,0,4462.08,0
4454,293610,27758,87058,50298,4454.95,1441,276564.48,0,89745.6,0
40058,1919376,208086,275476,168070,40058.47,15902,2286359.04,0,127920.96,0
39344,1741202,202396,191356,172400,39343.73,14552,1972655.04,0,250200.96,0
32,5562,1906,4050,4188,31.14,18,6034.56,0,4856.64,0
732,24106,1240,10012,5414,731.46,156,42148.8,0,7107.84,0
30936,1715424,213604,150380,254914,30935.01,14002,1970329.92,0,283790.4,0
290958,16941890,1737230,2323506,2273606,290958.73,80993,19691374.08,0,2352103.68,0
34742,1561182,257848,415032,347114,34742.75,13463,2050519.68,0,254548.8,0
29068,1289572,366958,300878,379594,29068.2,14913,1808136,0,388395.84,0
1146662,50638526,3703148,10133362,4623816,1146661.61,277722,52517275.2,0,6789910.08,0
1410,71752,3834,5922,4906,1409.13,294,70208.64,0,7670.4,0
39610,2028124,177060,176434,112178,39609.79,18771,2180393.28,0,242489.28,0
68538,3218184,267536,257310,265340,68538.11,21997,3526953.6,0,334145.28,0
6832,464348,80622,89212,103100,6831.9,2617,395947.2,0,272205.12,0
31672,1573608,170138,273424,191530,31672.74,14995,1754651.52,0,260180.16,0
29580,1595416,180670,138744,131232,29580.09,9963,1854159.36,0,137464.32,0
29918,1892272,527690,359416,441102,29917.54,15506,2414569.92,20462.4,643162.56,0
41578,2116018,379264,339734,426084,41578.07,20935,2547104.64,6892.8,516792,0
40108,2037102,347688,556232,289354,40107.81,18929,2463621.12,0,349880.64,0
10,12916,584,382120,2710,10.02,28,1526.4,0,4925.76,0
104,14822,1386,4102,3392,104.94,31,2436.48,24,4135.68,0
6,8750,214,7660,556,6.67,18,677.76,0,840.96,0
29342,2011742,626244,325636,633644,29342.38,12075,1994384.64,1141473.6,274613.76,0
39088,1999604,203560,276960,161392,39087.12,13936,2199314.88,0,237967.68,0
30852,1487054,216398,266426,206754,30852.17,12761,1827781.44,0,202173.12,0
17372,909608,145972,104884,141294,17371.97,8108,1074116.16,0,190678.08,0
61980,2937482,435234,499574,342344,61980.44,24273,3507935.04,0,368722.56,0
26,7718,1132,1520,2674,26.46,17,4365.12,0,4563.84,0
42252,1982950,255194,164278,245694,42252.75,15314,2227550.4,0,371286.72,0
40058,1919376,208086,275476,168070,40058.47,15902,2286359.04,0,127920.96,0
49852,2791450,567000,518650,348996,49852.98,29265,3376617.6,0,652272,0
3934,215812,6308,10462,8240,3933.06,792,188183.04,0,22698.24,0
778,96336,6496,164198,14722,777.32,312,49213.44,12806.4,38949.12,0
40826,1854236,387602,322242,268464,40826.55,18332,2428046.4,0,301926.72,0
58878,2656118,441808,611164,277894,58877.17,23857,3239381.76,0,395705.28,0
10,8176,588,10216,2198,10.17,25,1805.76,0,3487.68,0
51630,5041138,1291276,2194360,2898086,51629.83,23405,4370385.6,0,4892841.6,0
8016,1766832,224734,134714,182348,8016.8,7385,1422004.8,55090.56,755942.4,0
57694,3064172,729916,747296,605674,57693.16,27484,3717302.4,0,914509.44,0
61820,3293778,357596,290646,197046,61819.2,30229,3726560.64,0,369372.48,0
46202,2156290,161152,133058,310522,46202.02,13005,2293339.2,0,414369.6,0
666,59546,6460,36016,19172,665.71,338,41532.48,17864.64,25148.16,0
35462,1832866,161652,164738,142128,35461.4,12671,1946892.48,0,299285.76,0
95936,4436434,1058884,959234,667456,95936.18,60028,5775012.48,0,965456.64,0
61444,3076840,406180,366126,278184,61444.44,25909,3640964.16,0,321945.6,0
1950,87532,8540,7162,10574,1950.88,417,99139.2,0,8530.56,0
6738,364586,13884,10012,15758,6738.25,1183,363307.2,0,31693.44,0
91844,4777382,527166,358050,371602,91843.1,42146,5104314.24,0,861185.28,0
152854,9148762,892340,480312,964502,152853.7,59897,8701279.68,0,2552165.76,0
39792,1944696,363644,406542,239302,39792,17600,2397341.76,0,369733.44,0
30164,1780838,90806,71616,138300,30163.89,9497,1623355.2,0,411924.48,0
38612,2274770,225996,292728,258932,38611.31,17251,2327432.64,0,571621.44,0
6,1292,336,18440,1198,5.26,19,634.56,0,981.12,0
40788,1929004,182594,175856,143544,40787.09,12366,1998735.36,0,326676.48,0
29640,1814700,115258,121988,161410,29640.22,12503,1937177.28,0,202036.8,0
942,55150,5150,46502,10616,941.63,208,56994.24,0,16138.56,0
42,12734,2426,7946,7904,42.9,36,7943.04,0,8155.2,0
8,6572,1008,2944,2408,8.74,21,1991.04,0,2649.6,0
8,17972,28,3808,2302,8.16,19,1671.36,0,3947.52,0
117860,5750152,780002,640192,489344,117860.93,48833,6931329.6,0,583298.88,0
131082,7073496,885664,1238846,872640,131082.19,62786,8069805.12,0,1330050.24,0
39730,2056822,449098,299824,279564,39729.12,24885,2440023.36,26832.96,552744.96,0
14,4586,1268,14898,3236,14.22,26,2643.84,0,3843.84,0
95676,11519282,1375070,893106,663716,95676.39,82012,11959032,215006.4,2042017.92,0
114208,6094098,516192,620584,351582,114207.04,34082,6299791.68,0,969451.2,0
45312,3469746,405674,1827768,464916,45312.53,18373,2682611.52,943026.24,722657.28,0
40780,1991664,177238,203258,142256,40780.1,18408,2136221.76,0,279036.48,0
62532,2858934,322908,270298,191306,62531.88,26497,3289720.32,0,300901.44,0
91466,5284208,376858,412176,424204,91465.04,38645,5468830.08,0,822804.48,0
15644,846332,88682,122406,77214,15643.09,5089,898362.24,0,143606.4,0
29256,1454146,309772,349014,262388,29256.9,16492,1825994.88,0,308750.4,0
40738,2050044,504332,447278,618780,40738.17,22394,2845386.24,16945.92,550746.24,0
618,42992,1406,10066,9064,618.46,220,34267.2,655.68,16325.76,0
1024,108568,3336,93578,21094,1024.29,510,61393.92,14352.96,24896.64,0
79446,4099792,383874,590018,265452,79445.61,30484,4525767.36,0,410290.56,0
1232,72336,4422,9928,5500,1232.74,219,67956.48,0,7513.92,0
30746,1457814,353512,216654,290922,30745.15,13969,1881281.28,0,390094.08,0
81980,5117742,491300,740880,306104,81979.35,34354,5506385.28,0,601646.4,0
79882,4901490,569826,584540,546194,79882.65,29377,4700092.8,0,1529346.24,0
1142,58778,3548,3626,6406,1142.71,244,57162.24,0,7390.08,0
36650,1970576,223930,228908,187202,36649.82,14413,2112983.04,0,356076.48,0
32,6732,3108,17630,6260,32.91,0,4503.36,0,12126.72,0
258,21234,1574,4414,3486,257.43,91,16060.8,3.84,4819.2,0
127968,6469568,543890,1070470,502486,127968.37,16497,6392742.72,0,1324564.8,0
30664,1628526,179468,115470,142628,30663.58,16642,1711539.84,0,311679.36,0
32,6662,1076,5374,4030,32.79,35,3641.28,0,7448.64,0
1678,114632,3680,12516,20962,1678.59,820,94292.16,0,45338.88,0
1482,94656,11484,17222,18530,1482.15,344,90917.76,0,32841.6,0
20758,1100134,125386,302078,115234,20757.48,9178,1270269.12,0,136062.72,0
41358,2306956,525928,362154,514946,41357.69,19555,2782033.92,20828.16,753967.68,0
123252,7769408,612892,1879930,554328,123252.79,41096,6668838.72,1192039.68,880233.6,0
40810,2703570,319656,276264,375166,40810.36,13484,2890657.92,0,701363.52,0
12102,627118,98672,114676,113302,12101.22,5288,677802.24,0,189480.96,0
39946,2113374,202870,211280,137672,39945.72,17017,2371369.92,0,203967.36,0
64182,4066550,395244,362610,485986,64181.32,27174,4211704.32,80502.72,890942.4,0
140846,5533390,1428258,1079834,798326,140845.78,61561,8064432,0,545894.4,0
40278,2071824,376488,385032,302550,40278.5,17146,2343247.68,0,584625.6,0
30496,1580586,274750,257646,316890,30495.84,17304,1897983.36,0,419362.56,0
37766,2257022,151792,116192,118802,37765.43,19856,2213812.8,0,394469.76,0
38882,1811500,416666,329806,235682,38882.97,20632,2318886.72,0,360893.76,0
10650,730822,14620,19614,32122,10650.6,2360,692924.16,6977.28,64611.84,0
60172,2551248,475654,417098,290480,60172.91,20895,3179640,0,412233.6,0
3676,176796,17300,29500,32182,3676.47,1145,178742.4,0,53541.12,0
30130,1615076,167502,127044,141902,30129.54,18861,1767356.16,0,245971.2,0
6,2092,516,2022,1238,6.24,6,1058.88,0,1887.36,0
616928,29715306,3579936,3413120,2849514,616927.46,301067,35059038.72,0,3338124.48,0
600,60080,4936,10518,11274,599.84,197,48958.08,0,24531.84,0
2172,433046,10136,33770,22790,2172.32,1311,133918.08,95258.88,51994.56,0
10,8184,294,7634,2330,10.92,29,1554.24,0,2811.84,0
74004,5048440,977836,705622,1111624,74003.67,31394,5305412.16,221526.72,1951905.6,0
1256,75820,2964,2998,3562,1256.63,250,62739.84,0,5429.76,0
31772,1969902,1026180,572616,880756,31771.37,25744,3271728,49409.28,893727.36,0
41856,1845276,403524,382896,382562,41855.8,17916,2354361.6,0,495343.68,0
364,32656,4716,28280,12226,364.23,172,21575.04,5049.6,19158.72,0
40752,1955696,202678,711664,203328,40752.94,13467,2071975.68,0,264642.24,0
3334,172672,5202,10112,5938,3333.11,524,171605.76,0,12806.4,0
38914,2400064,158588,149926,122984,38914.64,11259,2210642.88,0,292197.12,0
32752,4015884,607656,509252,793004,32751.56,27195,4160468.16,0,1423767.36,0
16,7150,1150,19572,5544,15.49,34,3376.32,3.84,8516.16,0
119854,6906232,624160,383194,543892,119854.3,48056,6646155.84,0,1695693.12,0
13016,719568,88004,345206,152028,13015.12,4969,816779.52,0,165408,0
14,3240,1102,11344,3456,14.9,32,2029.44,0,5730.24,0
1820,122516,7606,7802,8014,1820.86,455,94709.76,0,13038.72,0
1304,69730,2532,7422,5466,1304.81,271,69376.32,0,8205.12,0
1634,92210,5250,10444,13552,1634.44,556,80040,5993.28,23562.24,0
79662,4170750,503362,358280,373530,79662.15,30319,4625921.28,0,716378.88,0
538,39510,2334,11604,4890,537.26,130,31965.12,0,9504,0
40060,2128756,172048,339732,184382,40060.78,14567,2303806.08,0,254393.28,0
0,43052,4368,33590,11980,0.17,282,43266.24,0,14505.6,0
62334,3758046,675862,266464,788910,62334.81,33673,3993552,57584.64,1382295.36,0
908,51752,4308,7616,8420,908.13,165,53917.44,0,12459.84,0
910,48666,1892,8462,5212,910.29,243,42554.88,0,10485.12,0
32162,1475540,282658,230352,211222,32162.79,13472,1805362.56,0,284557.44,0
1002,71482,5894,28352,14280,1001.92,0,52526.4,0,19911.36,0
20400,2012340,173498,136764,162252,20399.35,9889,1646634.24,21876.48,680542.08,0
9490,490844,47676,65012,44342,9489.18,3680,537801.6,0,67717.44,0
108,17554,404,5200,1840,108.56,71,7783.68,0,5285.76,0
810,48348,4192,11958,9020,809.18,167,47351.04,0,13971.84,0
4598,228406,28440,27610,39294,4597.34,1502,250496.64,0,50792.64,0
29986,3393946,557670,187720,631928,29986.28,18918,2770147.2,449114.88,1463061.12,0
2,3816,118,12238,734,1.83,16,1380.48,0,1441.92,0
31534,1499686,144618,129462,171382,31533.56,11268,1681811.52,0,194049.6,0
181242,9385306,718600,924620,880678,181242.28,73441,10208705.28,0,1408263.36,0
41570,2143538,242750,174082,174066,41570.06,17818,2325138.24,0,375704.64,0
1250,70814,3776,4902,5238,1250.8,254,64392,0,9386.88,0
40574,2163120,129264,319382,114162,40573.95,10945,2276957.76,0,171159.36,0
16228,904962,118702,304966,92638,16228.14,7157,963988.8,0,193089.6,0
26,11410,1122,21250,5278,25.6,29,5401.92,0,8647.68,0
132,33274,2028,11940,7268,131.33,80,18799.68,4812.48,11636.16,0
28,9458,908,1000,2692,28.88,18,5273.28,0,5402.88,0
74,40666,1740,5958,3368,74.8,48,9186.24,0,7169.28,0
20,13654,566,4282,2766,19.7,32,2989.44,183.36,7785.6,0
148174,7600534,1042072,734272,970562,148174.36,72735,8998553.28,0,1196862.72,0
20,37156,480,10440,2376,20.64,40,4947.84,0,5880,0
638,48448,2122,37986,18168,638.31,658,36935.04,8174.4,23452.8,0
794,96326,1986,19626,6036,793.61,242,41576.64,0,30961.92,0
70,17014,2198,4726,4834,70.65,45,8577.6,0,11558.4,0
1756,91556,5566,19578,6380,1755.3,354,95178.24,0,8702.4,0
7686,449274,49796,131088,52420,7685.15,2778,457750.08,18427.2,89369.28,0
104288,5925126,311382,466406,229232,104287.05,37377,5955964.8,0,582144.96,0
116690,4457406,617346,999276,1004906,116690.01,40350,5668863.36,0,809346.24,0
10202,1859510,214946,117186,193220,10201.4,7150,1477760.64,41389.44,854220.48,0
114,9696,1394,7030,5106,113.57,77,8935.68,0,7581.12,0
2060,188886,21366,146534,34608,2059.89,509,138194.88,4793.28,93620.16,0
769266,34002084,3602246,15239484,3399196,769265.02,796,38744674.56,0,4441450.56,0
2276,135262,8642,13630,6474,2276.47,455,121868.16,0,19443.84,0
902,74644,7576,23530,14220,901.08,2,50294.4,12374.4,21484.8,0
32048,1908058,99134,137036,116396,32047.49,10304,1870072.32,0,305526.72,0
14,16834,514,2574,1196,13.92,38,1915.2,0.96,1730.88,0
30910,1608980,189994,250768,195436,30910.67,18379,1869647.04,0,213942.72,0
2290,122936,9902,15416,9764,2290.28,477,126611.52,0,17470.08,0
123134,5458458,725722,554720,574214,123133.41,48932,6528964.8,0,620649.6,0
1528,413984,11652,68380,20094,1527.74,608,83439.36,79829.76,33660.48,0
562564,33332000,6553700,4158540,8636504,562564,212196,33113200,0,17781180,0
59092,2505238,576806,241706,409706,59092.54,38234,3144720,0,556098.24,0
16,11172,316,8854,2306,15.03,20,2204.16,12.48,4497.6,0
14,15834,494,12568,2496,13.68,36,2072.64,0,2047.68,0
10606,736510,19744,18596,31242,10606.24,2740,693400.32,3752.64,71722.56,0
80292,4016010,497656,388950,299996,80291.29,38147,4615963.2,0,515965.44,0
1416,76520,2796,10640,5836,1416.21,286,74390.4,0,8155.2,0
78038,3996768,776832,458544,865278,78037.38,35108,4833323.52,0,1176420.48,0
56830,2493124,654606,632500,468142,56829.68,31023,3464762.88,0,478234.56,0
91686,5240838,413490,413398,382076,91685.28,32045,4595723.52,654034.56,960193.92,0
10572,687044,12220,10256,24870,10571.4,2592,669757.44,0,43240.32,0
234308,41430726,4916418,1875834,7107634,234308.37,119099,19448034.24,4410559.68,27662722.56,0
4344,409246,16608,133690,25466,4344.25,0,220025.28,84634.56,45103.68,0
51002,2020392,212922,315830,261494,51001.09,16881,2333967.36,0,307942.08,0
44294,2181122,178178,233126,138250,44294.46,12867,2095539.84,0,478388.16,0
40112,2111738,303940,324158,252636,40112.22,17664,2425477.44,0,379339.2,0
12126,659846,48896,50542,52098,12126.11,3253,665014.08,0,114619.2,0
5718,2210056,221588,253262,250146,5717.5,4811,1091829.12,37944,1331781.12,0
61198,3004198,312554,629898,311642,61197.3,29480,3483148.8,0,295663.68,0
488,65856,3644,67758,15572,487.68,0,32660.16,0,39169.92,0
99054,5452274,341656,323568,305924,99054.36,30737,5418025.92,0,785127.36,0
29528,1382100,261986,276518,268536,29527.05,13157,1811352.96,0,238448.64,0
29992,1816818,160760,153878,170242,29992.33,13245,1899249.6,0,323272.32,0
52390,2231522,424910,362662,273684,52390.16,22104,2935197.12,0,253104,0
160254,8807234,880222,898012,643288,160254.99,62796,9406429.44,0,1401215.04,0
39664,2132348,160836,160958,126248,39663.96,9983,2179919.04,0,326890.56,0
154,25120,1034,22020,4476,153.44,58,10635.84,237.12,7781.76,0
99316,4557214,428206,328792,300174,99315.32,36052,5161509.12,0,359548.8,0
8,100022,5180,382,40698,8.14,0,0,0,0,0
36,9474,3002,7206,174334,35.85,0,0,0,0,0
13494,1233080,169438,329556,202044,13493.38,5669,893880,344913.6,329516.16,0
1740,85024,7124,6422,6276,1739.59,384,91808.64,0,8957.76,0
716,55110,2316,2542,4386,715.77,136,39398.4,0,10684.8,0
1506,88554,6818,63584,13862,1506.68,649,80496.96,1263.36,23998.08,0
151720,7466224,664512,670242,917136,151720.1,0,7953496.32,0,1291513.92,0
30068,1738892,74688,96824,74340,30067.4,13436,1729069.44,0,186783.36,0
7024,539284,54722,98346,54110,7023.9,3534,382117.44,150768.96,104654.4,0
44,19386,1848,6200,4772,43.8,43,10160.64,0,8562.24,0
26,6340,1270,752,3170,26.96,18,4444.8,0,4967.04,0
241218,11294406,1776694,1396726,1120434,241217.81,87394,13876631.04,0,1386013.44,0
930,69596,4654,4896,6256,929.85,7906,66425.28,0,10995.84,0
88350,4338526,589196,450588,569214,88350.6,49811,5297170.56,0,527424,0
40116,1809524,288448,270940,199920,40115.25,17535,2175401.28,0,277394.88,0
359712,18710052,1613424,1618422,1010124,359711.52,164042,20065799.04,0,2529539.52,0
32,5436,1434,2526,3306,32.04,18,5245.44,0,4134.72,0
38050,1933986,293874,374574,246448,38050.47,16705,2091504.96,0,492242.88,0
36,10280,3470,2638,7274,36.55,35,7775.04,205.44,9311.04,0
18056,921024,85760,77352,74890,18056.19,8798,1000124.16,0,129203.52,0
3502,163712,12980,49218,21512,3502.57,1437,164066.88,10658.88,29170.56,0
1738,97706,6860,8936,9020,1738.85,383,99559.68,0,14971.2,0
1606,82522,26490,18078,45128,1605.29,610,88312.32,46420.8,21750.72,0
28956,1369338,178284,185000,186836,28955.82,13230,1609554.24,0,223951.68,0
39754,2145434,153222,285924,123898,39754.69,11348,2110847.04,0,380687.04,0
1184,65896,3348,27644,7454,1184.7,361,54288,5800.32,7796.16,0
281202,14094702,1126536,1294196,1071488,281202.63,0,15636040.32,0,1229918.4,0
81282,4370502,499364,706884,341206,81281.48,38652,4760372.16,0,656110.08,0
68,13544,746,6708,3070,68.16,64,5317.44,0,3495.36,0
36,19988,822,26086,4250,36.79,47,5893.44,0,8040,1
153204,4426834,1120644,355360,1215418,153203.49,2169,14779408.32,5602235.52,6587273.28,1
453236,28658284,3667892,2507262,2827898,453236.92,189372,33480473.28,0,3935856.96,1
762958,30750228,4023056,4416756,6867730,762958.1,264513,39460076.16,0,6396803.52,1
695994,53994294,10304200,8748078,11823802,695993.19,31203,69538630.08,0,13983552,1
1056758,72142386,10263578,22612972,16403106,1056757.35,158366,53167146.24,0,4672391.04,1
361638,21110074,3690164,2354852,5560794,361637.81,10227,21693175.68,1061023.68,9257094.72,1
791254,33278180,4396396,3965738,9803976,791253.58,281154,41232372.48,0,8856571.2,1
1053152,32959188,3872498,4118420,4564742,1053151.71,507469,60292992.96,0,8926228.8,1
785270,47327158,4131950,8160358,9621214,785270.68,0,48720310.08,0,13328594.88,1
912384,37880966,10167390,8645906,11879130,912384.2,526669,55478685.12,0,10707326.4,1
281324,13362180,4032312,1448608,8125930,281324.17,39242,15545869.44,5166424.32,6444276.48,1
43482,5508070,7723186,4125432,14710494,43482.96,33960,6318933.12,18649909.44,2790524.16,1
406084,25798936,3583220,2099426,6138608,406084.22,67267,26486839.68,0,10309877.76,1
199350,0,0,0,0,199349.31,28571,10461493.44,113552.64,3109500.48,1
892422,41451492,6687458,3958206,11270660,892421.26,419321,43941357.12,1535.04,18235850.88,1
1086734,42526318,12821428,11792288,12784598,1086733.01,573445,67056136.32,0,11561998.08,1
176346,13634210,3167918,1549580,4605254,176346.98,93881,12745801.92,4301268.48,4953680.64,1
959094,54661178,8984876,24814532,10835196,959094.61,25709,57966045.12,14783636.16,5992511.04,1
896410,44330930,6742362,3430188,5773538,896409.34,81325,54684053.76,0,5204915.52,1
392526,23405842,18811550,8291038,29680166,392526.84,275590,47054801.28,1404696.96,30113370.24,1
460990,6322046,7369820,2411816,14755274,460989.77,65906,23904058.56,0,7441516.8,1
1086734,42526336,12821538,11792798,12784822,1086733.01,573445,67056136.32,0,11562346.56,1
33326,1953412,348662,226150,676666,33326.24,20720,2083135.68,613213.44,539152.32,1
776540,38767180,4359462,3600654,3781258,776539.58,283555,41912154.24,0,7639304.64,1
590444,28409476,4488450,4885012,4174696,590444.51,247806,34008962.88,0,5563301.76,1
1229076,60219012,9657922,6269936,16768866,1229075.42,106899,69677277.12,0,21491556.48,1
189342,9111382,774364,635278,1196834,189342.35,71702,10306516.8,0,1413129.6,1
391232,20207260,2648072,2865512,2534932,391231.11,176951,24243192,0,2735322.24,1
1371632,86540662,11520172,7118586,19619564,1371631.54,679749,80354438.4,32908795.2,12199011.84,1
110502,16623118,1625544,780188,2427598,110502.91,1744,7940548.8,9543262.08,3855864.96,1
463710,17214068,5567628,1910496,9919428,463710.36,0,25073510.4,3037684.8,6278898.24,1
515386,30369590,2827518,1564820,5227898,515386,215471,25118376.96,0,14950951.68,1
517566,38223816,7673782,9077304,10582736,517565.91,298347,51424931.52,0,10729936.32,1
816316,31612946,5914796,12459926,9445462,816316.4,0,40681610.88,0,8632452.48,1
437486,22841570,2397378,1723248,3713394,437486.14,101672,22895272.32,1826874.24,5648574.72,1
788878,32019682,7362074,6658214,6831294,788878,379873,44921192.64,0,7012589.76,1
927704,38171764,6889692,7112334,7525924,927703.55,423707,52950217.92,0,4962260.16,1
420272,21210656,2521074,2085876,1746690,420271.93,192702,24441314.88,0,2857917.12,1
470022,23073062,6722350,3040394,7511390,470021.17,283269,29250025.92,0,10479729.6,1
459170,24838724,1284212,1245042,1493474,459169.19,185013,25770877.44,0,2662235.52,1
298418,13116564,1278220,922992,1989734,298418.42,107796,14853667.2,0,2326155.84,1
56576,2932578,2461906,1116476,2469216,56576.79,74608,6268764.48,0,2399522.88,1
733868,33949308,3422490,4125180,6044794,733868.54,110893,39487005.12,0,5710580.16,1
137940,8226942,930442,507368,1560380,137940.43,69691,7297436.16,0,3912079.68,1
64952,14725854,2206220,518322,6503802,64952.57,54948,4485957.12,11555038.08,7818706.56,1
967376,43625594,12356964,8146028,10348022,967375.14,556597,61258018.56,0,11711916.48,1
859228,39575362,6796052,5330926,10750460,859228.69,121241,46251143.04,0,14559562.56,1
1047110,44397340,7624462,9020640,12200068,1047110.1,136989,53685169.92,0,13822125.12,1
119532,7359084,512650,732636,577644,119532.49,54012,6748746.24,0,1491944.64,1
254156,13537590,1551986,2616520,2341946,254155.17,104563,14525041.92,0,3600866.88,1
756860,33900744,5477528,4449274,4513620,756860.86,364758,43206816.96,0,4063620.48,1
881372,41180604,4300076,18094480,6155842,881372.04,364145,44996268.48,2514.24,7628254.08,1
1312344,13470346,1342566,1394918,2615728,1312343.44,491780,62281918.08,0,6753214.08,1
1537494,59031796,12048046,12496990,15849124,1537494.32,640895,84663577.92,0,12093063.36,1
406884,27604642,10720650,9820174,14127348,406883.85,253165,46190875.2,0,13616364.48,1
349796,13706642,2008100,1376546,3116002,349795.86,145851,16956816.96,0,2956294.08,1
1451520,32631094,4913152,5737088,6354050,1451519.92,663120,92747480.64,0,10272229.44,1
870472,40998222,5166010,5433516,4401102,870471.42,416659,50814173.76,0,4466287.68,1
315716,19062314,12705078,7648298,16982792,315715.03,284507,37035651.84,0,18435792.96,1
1793716,42048018,5384344,7630900,13012222,1793715.43,690996,112935394.6,29959577.28,8157045.12,1
528092,2870880,619512,1136312,969946,528091.94,165229,29207003.52,0,3432068.16,1
181460,13692914,3618134,1560684,5339498,181459.46,0,14244931.2,0,10022479.68,1
465924,16879732,5375878,4924396,4737788,465924.8,218742,27623150.4,0,3496469.76,1
187426,9718518,703104,1785544,1244664,187425.79,47622,10656765.12,0,1012321.92,1
121166,8050060,3257318,2780954,3032424,121166.38,59442,13356534.72,0,2840713.92,1
297976,21237774,1251564,1474212,3889572,297976.59,89422,18264222.72,0,8963839.68,1
779532,45473730,8389648,7831716,7034756,779531.5,305161,59579976.96,0,6793334.4,1
1099388,49364142,7995102,6589790,15252268,1099388.55,526116,56825573.76,2910146.88,18074576.64,1
533514,20334418,2768888,2578618,5734520,533513.34,18162,25424193.6,0,5066945.28,1
1034226,44614622,7272682,7461980,8302758,1034226.51,400388,60117388.8,0,6420586.56,1
1381894,79469810,10869298,8701566,11986438,1381894.25,831016,75007210.56,21624710.4,9747388.8,1
901308,45557570,10892650,6433672,16676440,901307.73,78310,50315467.2,10602476.16,17373624,1
777188,27975246,10695718,8623656,15661554,777188.83,128527,50479173.12,0,10481269.44,1
486286,14823990,9467484,3667920,8993528,486286.19,241663,29950894.08,0,6621336,1
1134216,49568202,4938742,5128688,5629758,1134216.48,18541,53070751.68,0,10384482.24,1
193192,10140198,192478,2543260,1289712,193192.37,60333,10374679.68,0,1681086.72,1
341996,21219350,3569422,3684176,7023260,341996.13,141927,27309782.4,0,7380788.16,1
515386,30369658,2827518,1571520,5227918,515386,215471,25118376.96,0,14950951.68,1
1586896,74774626,7072836,20076152,10313944,1586895.57,18125,74354522.88,0,19083554.88,1
978042,68323186,11899898,8688230,21434580,978042.33,32287,74557139.52,7365543.36,25518303.36,1
951546,39622780,6892686,4648464,18185628,951546.81,0,49358012.16,82172.16,19690030.08,1
533714,33756382,6328840,3920358,9433234,533714.88,66438,31154009.28,9156341.76,12237024,1
792676,45940918,8963134,8648938,7509542,792676.15,315135,60719386.56,0,6450330.24,1
789804,27170940,6620626,7645836,6282492,789803.52,288243,41856617.28,0,4194668.16,1
612118,27128254,4746296,5616450,4725530,612117.36,363074,36289678.08,0,3910481.28,1
976574,54094396,9810286,5720242,10705810,976574.48,8448,55021911.36,15030506.88,9545781.12,1
1307456,52607424,10291986,9021754,6408766,1307456.04,540680,71736599.04,0,5033617.92,1
881576,44441698,4827548,3860954,7093120,881576.28,39291,45096115.2,0,13761157.44,1
626104,25778928,3127840,2711228,6964626,626104.81,247280,31592010.24,0,6089505.6,1
765918,25644662,9277980,7154486,6230008,765918.81,386353,45151888.32,0,2619124.8,1
133714,9617502,3818588,4770254,4285086,133714.85,120484,14579448.96,0,4433443.2,1
96094,6900720,1718218,1031384,3402738,96093.53,48573,7172281.92,2035412.16,3244076.16,1
726656,32373148,4815592,5137396,4029464,726655.92,308346,40520802.24,0,5061407.04,1
34752,1342208,532542,446414,488626,34751.44,22151,2184456,0,394807.68,1
352542,24396170,2765792,1643716,3388014,352541.41,183290,20553943.68,8284375.68,3043333.44,1
210474,12666542,1638016,939966,2688578,210474.96,98343,10995827.52,890160,6116090.88,1
816316,31612946,5914796,12459926,9445462,816316.4,56375,40681610.88,0,8632372.8,1
135768,7782614,1161254,925118,1201634,135767.54,55742,9368477.76,0,1303668.48,1
215220,10153106,1216604,1645714,1921684,215219.95,95418,11082916.8,783210.24,1992526.08,1
1204420,54665680,7182888,7300992,7272542,1204419.39,442895,67770498.24,0,7559261.76,1
120540,8867968,1549008,990176,1893236,120540.09,53807,9660102.72,642417.6,2782440,1
195268,8469820,821384,1620094,990428,195268.61,69086,9850989.12,0,956928,1
73930,6824638,6077162,1040078,7743946,73929.15,49186,7450808.64,12164005.44,1634619.84,1
240054,10232802,1733654,1428190,1206038,240054.84,101815,13298952,0,1104408,1
845928,50884874,8841726,8216500,7660854,845927.17,332615,64695652.8,0,7333496.64,1
258336,11976642,2552344,2683690,2294702,258335.2,128428,16279144.32,0,1925409.6,1
376608,16744894,2949402,2136450,4264870,376607.89,53885,19630695.36,0,5902116.48,1
948640,39518812,7013024,7635000,9015660,948639.48,359391,53223912,0,7809754.56,1
491292,28210392,8412382,2888736,11057722,491291.57,0,30794722.56,14147238.72,5548794.24,1
980162,52212492,5369998,13120134,6372336,980162.05,201203,56385821.76,3732565.44,4678105.92,1
100082,7661128,2883128,1371246,3536658,100082.96,111468,6207648,5800423.68,2973718.08,1
975026,51219492,3370816,28031890,5045648,975025.84,149202,52612735.68,1253366.4,3998784.96,1
532034,0,0,0,0,532033.83,294279,29837933.76,9326391.36,6786863.04,1
270096,19408782,3328756,1498912,3419146,270095.24,162561,17085180.48,6817619.52,3594209.28,1
583654,59975404,5603472,3272992,9170792,583654.26,65076,33614941.44,26883863.04,14887799.04,1
78920,6394512,375974,335088,741518,78920.41,22031,4879546.56,1295494.08,1601752.32,1
409078,17536714,5651258,2775004,7106610,409077.37,14564,23777792.64,1609874.88,7601354.88,1
1065426,40047472,11705068,10318904,12390776,1065426.14,551878,63784404.48,0,9005150.4,1
734884,30723712,5364802,6665788,5632288,734883.23,311976,40700018.88,0,4831696.32,1
386130,17551846,1190248,2601378,1613028,386129.01,136604,19074047.04,0,1947476.16,1
510126,24697348,10016930,5120950,16952892,510126.86,244587,37393261.44,0,18699773.76,1
1243976,78082712,6836622,4922216,10734592,1243976.58,435091,70742804.16,20199231.36,8604611.52,1
881540,28606202,8776638,9023464,7969640,881540.6,344228,49486384.32,48202.56,3660861.12,1
570588,28113610,8564540,5582416,16303424,570587.85,296165,40932695.04,7025.28,16325189.76,1
278498,15511224,1789820,1616610,2517460,278498.38,127438,13977333.12,4259198.4,1534409.28,1
878804,30081842,8696742,8415998,7514592,878804.9,384756,49192932.48,0,4892057.28,1
1313722,64485760,6138572,8258952,9250220,1313721.15,81232,71625209.28,0,11132028.48,1
1098482,63884524,4241110,4792088,5774856,1098482.69,363793,69112077.12,0,8648553.6,1
1046678,72557734,11331566,12777670,13216004,1046678.47,496455,91561859.52,0,12846313.92,1
1206594,42264680,11873172,7298814,16988366,1206593.71,695497,61511059.2,2.88,16629302.4,1
1399260,21737716,7001596,11433940,8869144,1399259.13,584289,80418334.08,0,8546634.24,1
36306,3707742,504382,316318,611724,36306.01,35365,2356260.48,1381187.52,1184160.96,1
1397064,62779992,12304744,10085106,13744032,1397063.8,612536,77388672.96,0,8339646.72,1
802166,20923320,5420704,4561004,5586038,802166.75,325375,48157126.08,0,7216480.32,1
341116,18020068,2514278,1297770,3959792,341115.82,169720,17296620.48,2258511.36,6125031.36,1
588968,68702912,3824514,3200574,3171276,588968.64,569538,72272904.96,0,5940917.76,1
391498,25170778,11014332,8092428,16232846,391497.76,244369,44385895.68,0,14897651.52,1
409376,20688074,2175360,2150176,3507484,409376.94,169881,22096947.84,0,5569985.28,1
290970,14952054,9286026,5383026,10907356,290970.41,148849,32207187.84,0,7528355.52,1
542640,40233758,3737872,3271996,3153426,542640.73,235539,66777301.44,0,18637775.04,1
880862,37552362,4989216,10462326,5946300,880861.06,295179,42406134.72,0,6962039.04,1
331092,23031660,3361278,2220888,4145840,331092.39,194300,19824800.64,8849958.72,3796929.6,1
693922,38359168,4989968,5034550,5109310,693922.24,81753,29700026.88,0,5035609.92,1
980162,52212492,5369998,13120134,6372336,980162.05,201203,56385821.76,3732565.44,4678105.92,1
446702,27110846,3223402,2277988,5329260,446701.79,158650,28930863.36,0,8204594.88,1
586792,31397810,9692662,3801330,17934628,586792.3,264492,39426081.6,6133421.76,17167261.44,1
1025462,39591814,10980660,9408326,5748342,1025461.35,49223,61980341.76,0,3074016,1
354598,25758722,4258798,1819216,6880484,354598.2,0,24100030.08,9369917.76,4511365.44,1
727812,36734328,12483442,6207434,21151650,727811.96,45508,51291178.56,7806784.32,16283094.72,1
181460,13692914,3618134,1550620,5339496,181459.46,101645,14244931.2,0,10022479.68,1
190504,16338556,968706,605672,2518734,190504.88,53974,14766645.12,0,5750998.08,1
520122,40668346,9672896,4733156,11187384,520121.19,480604,33298174.08,18695369.28,12900087.36,1
921844,42804516,3999428,4326536,3419850,921844.48,380215,49174248,0,4991279.04,1
1461572,57780742,13275800,12980668,17704822,1461572.6,649849,84835582.08,887.04,15339966.72,1
1055222,44684356,7896032,10046180,6349830,1055222.65,442132,56874340.8,0,5935431.36,1
710406,28113214,4631158,3969580,7170590,710405.74,316720,35960370.24,0,6531907.2,1
482076,22856112,11927728,8176026,12106432,482075.37,291559,47194036.8,0,7465093.44,1
384448,17713002,8032338,5800728,7198538,384448.71,219906,31653285.12,0,5123914.56,1
1009598,44716434,7790704,11366158,9675786,1009597.33,469683,58182513.6,0,10208458.56,1
219380,10976036,1601632,4065960,2058214,219380.31,87423,11725462.08,0,2890957.44,1
1440476,46659650,17004872,8374556,40750038,1440476.39,33132,85543831.68,0,25278827.52,1
748054,29204004,6431148,5442160,4106064,748054.61,310889,39901299.84,0,4482620.16,1
183146,7711802,1451240,3037706,1140014,183145.99,97056,10519042.56,0,792806.4,1
175462,25926660,7515344,5065336,8227976,175462.91,124581,27952000.32,1137364.8,14080648.32,1
1421456,77955968,18709042,12219484,28078860,1421456.64,878114,85809228.48,33962967.36,15826305.6,1
948640,39518812,7013024,7635000,9015660,948639.48,359391,53223912,0,7809754.56,1
286924,37604536,20481294,9023288,32278150,286924.89,11341,61771457.28,3891832.32,33068939.52,1
411800,20572986,2328384,1545216,5225132,411800.22,167766,22662615.36,0,7363462.08,1
511552,24422848,2514518,1894908,3779886,511551.97,5100,28016703.36,0,4240440,1
187748,43023502,8116814,4293494,8357252,187747.03,348480,33702244.8,2043029.76,27844637.76,1
220464,22525944,5218544,3121670,7277214,220464.95,262022,16221975.36,14023556.16,5742471.36,1
526580,29002038,3473828,3447944,5848484,526580.06,235352,27402803.52,0,12326313.6,1
1067160,0,0,0,0,1067160.76,352108,59194341.12,18060226.56,9182832,1
2746564,90726186,21556628,32116248,45736316,2746564.83,56779,140986129.9,0,33519527.04,1
219642,8699528,2327736,1450684,3084256,219642.03,114398,12325119.36,5.76,3209601.6,1
156184,10238402,1560934,1107006,1309272,156184.3,75739,11956365.12,0,2058722.88,1
1196158,53820358,4726782,5011926,7440134,1196158.11,2335,59816673.6,0,8752454.4,1
1356594,52064968,7524418,8216248,5423020,1356593.2,465605,63347748.48,0,6043112.64,1
1665858,63775172,13588370,15207220,15886540,1665858.72,795848,87170906.88,0,11523911.04,1
1390812,11151160,7035942,4813602,10234216,1390812.67,37761,77029239.36,0,10500688.32,1
1054946,47437072,4255048,28016260,4922632,1054946.3,346482,51142688.64,0,6863154.24,1
536630,25265954,2541624,2592516,4218278,536629.17,213613,28290845.76,0,5194525.44,1
1063034,44259172,4140562,4046700,5384090,1063034.98,2,49891424.64,0,6937994.88,1
581078,25906604,4361334,3469604,6594912,581077.57,18233,33137557.44,0,6073252.8,1
146432,10524446,1241682,1025900,955916,146431.24,43651,11349588.48,0,2104185.6,1
1032510,48545542,10873174,7474360,16311880,1032510.54,419604,57754760.64,15834826.56,7374322.56,1
692126,28506124,5924422,4924656,12695896,692126.18,41682,40165911.36,0,11108742.72,1
1157194,18641164,3415048,3165472,10290870,1157194.28,441607,59735463.36,0,19499179.2,1
332018,16306176,3884996,1902582,6618424,332017.29,126442,20044447.68,0,8549742.72,1
189008,10537314,1435558,897576,2174102,189008.32,91140,10513477.44,1058016,3308020.8,1
26,3876,1098,140440,2582,26.33,25,3915.84,0,2252.16,1
642648,13331612,2879522,2777984,4476032,642647.2,347340,69105182.4,0,22934610.24,1
3078,178624,59564,35980,67714,3077.31,1832,257477.76,0,60402.24,1
329814,20649462,10444838,7261304,15792312,329814.15,264307,35470003.2,446.4,16056013.44,1
356414,17105574,5460326,1312646,8805792,356414.88,60584,21201323.52,4917137.28,6469777.92,1
168630,5155184,3150326,414042,4560768,168629.33,330328,15429399.36,40368893.76,13949126.4,1
189450,9783136,1326872,983106,1632422,189450.26,80784,10737722.88,0,2876554.56,1
1055800,48586402,7304838,10838646,7150148,1055799.26,460543,63421738.56,0,6518277.12,1
229450,11498114,2149832,1520736,1875322,229449.33,111364,13496824.32,52689.6,2971341.12,1
305112,17680540,2733394,1523418,3350946,305112.54,175980,17013053.76,4316747.52,3860187.84,1
549024,16245156,7527798,7397870,6815290,549023.36,267926,33441339.84,0,3335067.84,1
1119924,20411440,3703114,8635212,5771526,1119923,526369,56120659.2,0,11522065.92,1
462228,25635238,2628704,1696284,3489224,462228.03,3604,24494282.88,2311037.76,6271889.28,1
824184,46856088,6578424,3198958,13909900,824183.78,80167,47905590.72,9945871.68,12059149.44,1
235420,11248676,1745532,1354864,2452254,235420.87,111578,12739018.56,0,3519213.12,1
1280,155320,8110,192274,19540,1279.77,452,72972.48,64454.4,26707.2,1
1194740,42940816,1735732,6254682,12772196,1194740.46,371805,57118222.08,0,5879507.52,1
752474,36668320,5159612,8832816,3685498,752474.23,365541,45901663.68,0,3372232.32,1
784570,35018182,3337982,4341140,4240092,784570.91,290297,40114826.88,0,4944055.68,1
240828,11574536,1392810,1335622,833024,240827.81,114753,14421247.68,0,482527.68,1
312724,15934618,2387690,2576032,3570362,312724.7,122343,18859310.4,0,4140441.6,1
1055366,48751448,5682600,8527718,4053470,1055366.78,540092,57186447.36,0,4583421.12,1
587100,26336460,1953376,1529542,2230926,587099.58,198394,27735516.48,0,3681552,1
1520540,63718684,10913962,12069354,13200986,1520540.36,629486,88111336.32,0,8214352.32,1
825012,36548062,5759614,5649098,5473922,825011.02,359889,49227315.84,0,3840144.96,1
125508,7562942,1172914,563352,1645472,125508.52,62742,6855806.4,0,4037170.56,1
149690,23467716,2204958,683672,3258736,149689.62,101015,9247991.04,16505406.72,3613866.24,1
792226,45414374,9210298,8313864,8223002,792225.19,317941,60559798.08,0,6931566.72,1
696810,30889444,2727394,10431860,3528330,696809.01,3,35436774.72,0,3254871.36,1
377980,16269374,2419800,1725556,1955538,377980.45,143797,20046020.16,0,1914508.8,1
593796,25452668,3654670,3757412,5343886,593796.72,243310,29248134.72,0,7084561.92,1
354598,25758706,4258798,1818196,6880484,354598.2,0,24100030.08,9369917.76,4511365.44,1
144318,15543068,4435518,2699992,7783508,144317.92,84665,18378906.24,525995.52,10623744.96,1
426366,34204590,2307146,2859618,5847382,426366.81,152715,30684995.52,0,13867599.36,1
403372,22493988,19704964,11745470,36201684,403372.82,48542,48318205.44,0,37032530.88,1
443264,28430622,5062924,2046476,6925908,443263.31,18237,32054407.68,8067109.44,13286296.32,1
450558,19850030,5259718,6596198,5118134,450557.92,204310,27404595.84,0,5304979.2,1
402152,28717122,4790720,2586150,7218192,402152.38,199984,30433524.48,3492508.8,8883022.08,1
238702,10412504,2056200,1437466,1286246,238701.95,94542,13452244.8,0,1492061.76,1
491292,28210382,8411700,2887888,11056824,491291.57,262496,30794722.56,14147238.72,5548646.4,1
89120,31008734,2089080,1364098,4125922,89119.23,17735,6626614.08,20622372.48,10339719.36,1
624656,12174404,748912,821938,2080370,624655.36,197708,32658560.64,0,16155628.8,1
1537494,59031796,12048046,12496990,15849124,1537494.32,640895,84663577.92,0,12093063.36,1
404336,14802166,4413788,3046046,4073224,404336.83,183986,21746303.04,0,3492256.32,1
910328,42160786,14363832,5013340,22735176,910328.17,500216,56059187.52,5869884.48,21800741.76,1
1073584,39450562,7333538,9505604,9132578,1073584.21,452898,64704952.32,0,11613998.4,1
961932,34371652,4077396,11201120,11087288,961931.67,0,39440237.76,0,13711552.32,1
1204846,15558820,2351588,3083310,1889076,1204845.23,559620,70738908.48,0,6686769.6,1
1380512,0,0,0,0,1380512.81,434940,88118282.88,12213687.36,21556275.84,1
678258,1152196,150752,47010,368850,678257.36,324589,37773087.36,7112957.76,15902774.4,1
225380,7521226,2394782,1173286,2679430,225380.78,91371,10951942.08,0,2375512.32,1
916638,16066778,3030340,1382958,8052204,916638.64,480443,53485379.52,17164364.16,10800765.12,1
405112,20927790,2679424,1808022,3061466,405112.82,29730,20163029.76,2885244.48,5019445.44,1
536266,4582548,2551542,1307504,3960786,536265.12,454907,56069950.08,0,32801416.32,1
216650,10489614,1429660,1130430,1818036,216650.47,110692,10715704.32,1824597.12,2033123.52,1
966436,42231990,5935672,7073900,5879610,966436.97,417993,54100838.4,0,6015604.8,1
602684,35913874,5611982,4911422,5160496,602684.35,237997,46132429.44,0,5051297.28,1
207292,9720628,1633832,1629932,1915276,207292.9,93731,10482744.96,577682.88,3234977.28,1
1379946,55250514,12758810,9987614,11878158,1379946.13,33571,82027662.72,0,6861642.24,1
850500,42734388,4902666,5434982,4551696,850500.48,350161,53174236.8,0,3329338.56,1
1547092,28412170,6033580,6885694,5851150,1547091.41,729633,88808358.72,0,8686409.28,1
781452,32326438,5630394,7204844,6343896,781451.12,295692,42576957.12,0,6013434.24,1
733868,33949320,3422490,4126446,6044796,733868.54,110893,39487005.12,0,5710580.16,1
646836,28164550,4870882,4025468,9617018,646836.36,232702,34016516.16,0,12089472.96,1
578592,32287056,10508586,4116150,17897996,578591.36,93204,41041254.72,6867993.6,16390320.96,1
263540,13455144,2552014,2530052,3813302,263540.99,137885,14776758.72,20687.04,5963186.88,1
767374,33409834,6803038,4059700,9130264,767374.95,2457,41538161.28,0,11189787.84,1
328712,5965938,1289140,1302136,1395180,328711.37,123792,18492065.28,0,2958605.76,1
215926,25403820,2376270,1377766,3371036,215925.1,120785,12158359.68,14185321.92,5044608,1
546648,30237186,10196708,3006710,17805248,546648.28,132536,35220963.84,8738081.28,15695166.72,1
272576,13500730,1786112,1357696,1467296,272575.94,132970,15357017.28,0,2574519.36,1
440518,23460340,3628680,7758256,5606014,440518.97,190334,26568875.52,0,6843866.88,1
390364,22949642,2151584,6110404,3179204,390363.34,133575,21766655.04,2195884.8,3129479.04,1
351266,105248,7524,17960,15768,351266.73,154748,17923140.48,0,5056028.16,1
310294,13386294,3066212,1548414,4414826,310294.51,178222,16259254.08,1434163.2,4501450.56,1
95382,4321386,2680226,2144288,7380014,95381.42,50032,10381441.92,0,5299732.8,1
587262,14175646,1569538,1742034,3833326,587262.43,153090,29826617.28,1734565.44,10358996.16,1
2220448,82017598,18678642,19770048,19532520,2220447.33,1002003,124510239.4,0,12216607.68,1
318584,15392798,1294836,1080840,1189036,318583.98,114894,17032368.96,0,1726344.96,1
113888,5389900,1273262,1046436,1763058,113887.29,44628,7071078.72,0,2010201.6,1
106008,4459210,687310,567866,1115402,106007.8,33090,5271750.72,0,1130760,1
496610,59180414,23601816,5607242,43499622,496609.46,244066,52183216.32,26740275.84,67178.88,1
245750,23345426,25562646,10048602,26478852,245750.44,356111,55573925.76,2614238.4,23283033.6,1
1549976,64577814,11180824,15196402,15779810,1549975.34,44509,82810932.48,0,15861754.56,1
456492,22568296,11417448,8304342,12569182,456491.6,241530,46251311.04,0,8032994.88,1
65200,4496312,192842,373956,539802,65199.74,35086,3787320.96,1088968.32,611917.44,1
214952,11992514,1340556,1396128,1575580,214952.41,101829,11994156.48,682784.64,3036507.84,1
1359568,69806896,4621254,7484484,7140826,1359567.24,401803,63761616.96,0,19325087.04,1
897924,30350436,8521570,6631282,13359674,897923.92,284349,43932431.04,0,10220898.24,1
587824,34403770,2598980,3840832,5985310,587823.71,159620,41324024.64,0,4281617.28,1
1545282,65949748,6653942,9176126,14726244,1545282.77,687090,76671147.84,0,16169106.24,1
612062,28460166,4661448,8810100,9597826,612061.74,263973,34139712.96,0,10881703.68,1
807036,34866724,6735748,6812664,9696508,807036.37,243499,43739605.44,0,10875946.56,1
1171376,46546068,9663520,7062204,8096896,1171376.06,497677,63652272.96,0,6326448.96,1
951546,39622690,6892500,4638742,18184370,951546.81,371209,49358012.16,82172.16,19688588.16,1
683626,258132,62874,71064,88016,683626.16,304367,38046484.8,0,2943066.24,1
275670,12201484,1118778,1374124,1332990,275669.5,96706,13498958.4,0,1945027.2,1
990952,15645218,8596018,6705792,12073514,990952.14,613812,65080453.44,0,8528393.28,1
498606,25016056,4134094,11322260,10474094,498605.94,141709,27577911.36,0,13819963.2,1
137280,5599358,501412,1380070,743828,137279.91,37750,6430823.04,0,619572.48,1
239812,30909810,4587528,1978750,8316156,239811.94,104801,16655750.4,1609518.72,26179985.28,1
1146336,34664516,2871066,3378996,5171578,1146335.61,508745,55351388.16,98.88,20000250.24,1
872812,46874932,3102400,3353298,2212888,872812.35,411466,49882824.96,0,4498044.48,1
420152,25938724,16010134,9203474,30220462,420151.63,410054,51710411.52,0,16966458.24,1
942320,49340124,9620350,12547710,10274290,942319.22,439575,68437391.04,0,7399850.88,1
796940,35836408,4875874,7913256,5123566,796940.81,345088,44044023.36,0,5672142.72,1
208736,11054544,1839918,1530348,1173790,208736.97,134272,13368903.36,0,1640195.52,1
438208,28504030,5492832,3736820,7803634,438208.36,18516,28327753.92,4248474.24,10421880.96,1
120642,8222226,1266828,1252336,1919556,120642.64,52370,7781928,2756675.52,1474334.4,1
103736,17558538,2104890,743000,3477968,103736.23,81637,7420178.88,11891403.84,4385997.12,1
365334,22559702,8041092,6997644,7525940,365334.16,212431,38165418.24,0,6153940.8,1
1221856,54700598,6207948,7260568,13425962,1221856.75,381973,67096035.84,0,11778454.08,1
78174,3963616,483564,353706,275412,78174.74,29950,4371727.68,0,651195.84,1
607518,8157874,825480,626790,1851500,607517.06,210644,31403930.88,0,8299287.36,1
515386,30369626,2827518,1568972,5227916,515386,215471,25118376.96,0,14950951.68,1
1326236,42126388,13700620,29784334,12999088,1326236.51,389133,67576188.48,0,7228245.12,1
924758,38502046,10204450,7940298,8369306,924757.23,0,56037013.44,0,6743425.92,1
892298,45496458,5763804,6153818,4122544,892298.47,385469,54099762.24,0,5629550.4,1
606740,33154804,3627680,3248946,5816202,606740.32,254519,32876088,3026305.92,7949887.68,1
863656,45999472,11845290,6744884,12925372,863655.63,110646,52835863.68,17018172.48,6416065.92,1
1220456,11277830,3015124,3074696,3823506,1220456.55,564740,70451425.92,489292.8,9636121.92,1
961628,61043574,11142578,15352240,13299394,961628.12,59178,55793710.08,17412167.04,16587285.12,1
924758,38501266,10203278,7940142,8367590,924757.23,500271,56037013.44,0,6741860.16,1
502786,51139520,8910462,4747920,10921672,502785.18,0,31924336.32,24116262.72,17652526.08,1
128758,9699270,1743128,920832,2539906,128757.58,62577,8962081.92,720648,4962506.88,1
242090,14908762,1482852,2596058,2321298,242089.94,32686,13868302.08,0,5182959.36,1
463710,17214052,5567628,1908720,9919428,463710.36,245876,25073510.4,3037684.8,6278898.24,1
1336214,8559856,1574876,1755626,2011838,1336214.6,639135,77807272.32,0,10561406.4,1
1386134,57689598,10192488,8227384,6971902,1386134.34,609456,74754044.16,0,6933153.6,1
1126896,46905276,6111662,6526626,4675818,1126896.83,154836,56743193.28,0,4770744.96,1
817910,33887074,6854860,15606538,8223162,817909.65,388856,48881458.56,0,5326546.56,1
362508,23562374,2780814,4978594,4093944,362507.07,149414,21975013.44,8666156.16,1004672.64,1
151152,8796580,975406,778196,1121974,151151.06,76046,9341284.8,0,2219924.16,1
902970,38484772,3107616,2597700,4537884,902970.18,35550,42500113.92,0,5924792.64,1
125078,4457034,776332,679058,1147602,125078.94,59460,7065003.84,0,2349855.36,1
449200,28590126,15184700,12088600,20181068,449199.03,422153,53629021.44,0,17953315.2,1
639540,31166058,5062030,4824494,7842788,639540.22,298077,41083786.56,0,7265260.8,1
502786,51139524,8910462,4750238,10921876,502785.18,0,31924336.32,24116262.72,17652526.08,1
978042,68323186,11899898,8688230,21434580,978042.33,32287,74557139.52,7365543.36,25518303.36,1
1082730,59769322,4233516,4319698,4216360,1082729.59,483416,65728865.28,0,6233324.16,1
355206,18830646,2380792,1726762,2979390,355206.86,74113,19440180.48,3772006.08,2769230.4,1
1030434,59948976,8246822,6942488,8579408,1030434.22,463027,75021229.44,0,7948826.88,1
1277864,41184926,13562854,9899188,32093334,1277864.99,476763,69460800,0,21439626.24,1
282650,18298176,6250720,4472910,11115404,282650.96,130644,27165051.84,1671322.56,9678079.68,1
258414,10714974,3710182,1789868,3782922,258414.49,389580,35581702.08,1507093.44,13389888,1
1176750,48750210,10373814,9584470,16267132,1176750.87,777,61948620.48,0,15153632.64,1
205844,27792208,5227316,2446564,5336950,205844.04,31,26072317.44,1156511.04,12949214.4,1
508906,21377772,407806,2988870,5972002,508905.18,159923,25866085.44,0,4094029.44,1
438594,24086790,3043120,4442458,4645510,438593.01,194783,25547015.04,0,7567025.28,1
1743080,43269914,5261410,4794186,8481586,1743079.04,0,31308168.96,3399299.52,7380686.4,1
919002,52256098,5841762,5310042,6127032,919002.27,417361,62125898.88,0,6297075.84,1
816316,31612946,5914796,12459926,9445462,816316.4,56375,40681610.88,0,8632452.48,1
781020,38135636,3212220,5373060,3111708,781019.19,316705,42778521.6,0,4189568.64,1
1326236,42126388,13700620,29784334,12999088,1326236.51,389133,67576188.48,0,7228245.12,1
193192,10140198,192478,2543260,1289712,193192.37,60333,10374679.68,0,1681086.72,1
178152,9688086,1018382,840172,1537478,178152.78,10175,9498488.64,1206165.12,2074971.84,1
266192,26190500,4388096,2143116,5403700,266192.48,142098,21106262.4,7829772.48,8769746.88,1
181460,13692914,3618134,1558338,5339498,181459.46,0,14244931.2,0,10022479.68,1
146368,25151500,1963090,1101200,4126666,146368.48,78365,10913452.8,0,21452808,1
636614,21725006,6457656,8208750,15149152,636613.36,231241,35603412.48,0,10377350.4,1
788218,37350302,5827298,6488196,4363776,788218.76,361697,46632228.48,0,4984312.32,1
1913334,99367104,10494476,7655308,22749976,1913334.38,878134,105819010.6,0,34844256,1
526446,36631664,5448952,5118424,6495526,526445.07,268192,45721730.88,0,12351589.44,1
349286,25214414,6420720,2264508,13936560,349286.64,106135,26775826.56,9346535.04,11697978.24,1
394322,11000888,6951470,5209708,8152142,394321.57,354597,39281339.52,0,10300413.12,1
405898,22837934,3497392,1754924,4463394,405898.9,211452,22428459.84,6679047.36,3549892.8,1
94322,6402318,505206,786722,689450,94321.75,36929,6105337.92,0,1111006.08,1
480340,22367428,3792366,2918514,3279312,480339.36,261114,26853373.44,0,4561220.16,1
529004,22491956,2799788,4357478,4805446,529003.18,153746,26468929.92,0,5420352,1
740746,32853184,8269480,7202038,11894600,740746.82,298132,45006974.4,966232.32,9886472.64,1
507992,22468860,1610382,3506194,2286136,507992.09,184893,24079432.32,1897.92,3261234.24,1
306130,13299846,2719616,3611666,4976324,306130.51,146846,18895545.6,0,4086325.44,1
1089044,41343112,12543728,8123598,26415020,1089043.98,510318,62710331.52,3526402.56,20129768.64,1
287686,15813892,432346,430222,1267462,287685.59,69399,14403395.52,0,3537854.4,1
708014,44223876,11073532,8489096,12331304,708013.13,368441,63180264,0,12600927.36,1
669782,38826818,2972264,4381828,4932848,669782.15,135143,42708566.4,0,6166580.16,1
970476,31891988,13375910,8314406,10081360,970476.53,384021,56944146.24,0,5407219.2,1
1045490,46524170,4654510,5105514,8683136,1045489.3,306999,53110944,0,9805970.88,1
569938,27697952,8238742,5292958,6333870,569937.33,305492,42250746.24,0,4882730.88,1
685146,19124512,9418004,5997728,5865384,685146.88,387582,37840318.08,0,2214429.12,1
806934,47519546,9007684,8434108,7549266,806934.53,314866,61760609.28,0,6941436.48,1
954604,40524774,5236038,4645078,8875714,954603.39,440616,49444089.6,0,8561554.56,1
1337680,59671856,15747714,8899974,28287854,1337680.55,619356,70453646.4,24637439.04,9296465.28,1
333314,48200920,13916026,12434552,20517096,333314.81,254806,65560888.32,3543144,26193876.48,1
1020402,28245984,2948770,4545324,3616632,1020402.73,337770,52015158.72,0,6219300.48,1
579490,31329528,4077850,2625220,6167226,579490.72,280879,31233150.72,3944448.96,8435726.4,1
702686,24134470,7871908,4729044,6690208,702685.69,298745,37417552.32,0,5285237.76,1
675846,35283318,2546078,2078228,1957026,675845.9,286949,35561375.04,0,6089551.68,1
1115358,58155672,5252992,5818016,6360922,1115357.43,291381,57887775.36,7429152.96,7614132.48,1
1032712,44946430,5317326,3838040,4338944,1032712.5,39206,50815407.36,0,6812172.48,1
477936,38531660,15762700,10982600,23014012,477936.05,7416,33712983.36,0,18489162.24,1
604584,27280244,3855882,6331508,7587422,604583.93,258005,31935625.92,1998042.24,6868609.92,1
497182,40528936,6588170,2345982,11449006,497182.65,203479,31825421.76,0,28399590.72,1
668008,31461876,3428540,2530970,5196346,668007.13,0,33363018.24,0,8667741.12,1
41598,7775912,4406202,1304238,4580386,41597.52,4933,9227483.52,691034.88,7281506.88,1
885814,48500508,5830918,10390838,8713654,885814.77,119078,48671135.04,7611903.36,8971031.04,1
1271192,62129336,7225012,9403258,5547572,1271192.29,547811,73795256.64,0,6019797.12,1
847490,32116380,11595022,12008848,12000148,847489.89,438399,55265746.56,0,8415378.24,1
418934,27938608,2646634,2527072,3472768,418933.76,192745,23678008.32,4301006.4,7175793.6,1
416158,21115024,4135862,2541036,8357086,416158.63,277930,19693903.68,7032726.72,8997282.24,1
721138,27819312,4685066,4643088,5928036,721137.01,375178,35785110.72,0,5439517.44,1
560890,24229076,6786484,4345950,7360342,560889.04,373917,35055481.92,0,7177974.72,1
595534,39672828,3291154,5632046,4411064,595534.67,213913,35334586.56,10500969.6,3692949.12,1
1376750,64728152,6326092,7775306,6513984,1376750.2,633930,76623541.44,0,7374160.32,1
316878,15058918,1752402,2717536,3284144,316877.33,159604,15821626.56,0,5555791.68,1
377724,32184214,3663320,3172906,5049540,377724.18,187223,28360037.76,9924863.04,4236795.84,1
1592234,73838172,9876334,9047390,11455298,1592233.38,745620,34012376.64,0,5184840,1
789804,44369372,6165918,11775426,9521230,789804.98,17653,42931389.12,6002119.68,13363496.64,1
1317250,74607732,7075578,6127346,10257334,1317249.02,442736,65034704.64,6470788.8,23717259.84,1
1039976,47118892,15900972,8987358,18956632,1039975.66,632706,59691608.64,18131496,12758736.96,1
828158,26312454,10436878,7698424,13835716,828158.23,417821,49286610.24,0,7990744.32,1
627724,26614556,5357006,5373654,3823318,627724.99,259481,35327631.36,0,3972097.92,1
2220448,82017598,18678642,19770048,19532520,2220447.33,1002003,124510239.4,0,12216888.96,1
1017780,51301736,3324000,5502826,2643094,1017779.05,402302,54244326.72,0,4604553.6,1
597102,38479212,2030522,1462040,2897458,597102.1,267691,28702964.16,8865690.24,7357454.4,1
274944,13168332,3051386,4387064,4148006,274944.2,146702,16670368.32,912032.64,4203855.36,1
512352,35697732,22630980,12747886,26017446,512352.38,296126,73847733.12,625294.08,21162204.48,1
687808,33411600,3593910,6686192,5699790,687808.53,175809,39057314.88,0,4719521.28,1
1579464,65891324,7017576,6320046,17730394,1579463.31,393367,81119994.24,0,15708890.88,1
643780,38642442,7686822,8201380,7560970,643779.39,309518,44371351.68,0,5328288,1
210624,10090200,1330652,1337162,1461922,210624.87,76596,11949338.88,0,1638433.92,1
341282,21318368,5344162,4262802,8886922,341282.46,0,20421396.48,8016388.8,8497372.8,1
727218,31908872,5646388,12213632,5645196,727217.4,381243,43658155.2,0,4133760,1
944888,57758680,4823304,5648554,7953934,944888.48,8940,49571495.04,0,15422277.12,1
1157142,44705472,10594978,9963650,11473436,1157142.84,544294,67630278.72,0,7229707.2,1
1321856,64310802,4964984,9722994,5986672,1321856.74,474626,70614376.32,0,9189060.48,1
1008762,39773792,3859684,10431974,3901130,1008761.06,295804,47515605.12,0,2701361.28,1
926092,26412156,10647704,6335250,7348630,926092.09,363060,45868486.08,0,3782792.64,1
741594,43721472,6684788,10705850,13232296,741594.49,304604,43210490.88,16735180.8,6337469.76,1
753860,54763432,7153524,5550382,11590670,753859.39,443741,46933414.08,21594552,9600680.64,1
447342,18225782,4249862,9608764,5870656,447342.6,191708,25496987.52,0,4760547.84,1
96310,12752712,4042194,784782,4721440,96310.5,23183,6851576.64,12956328,1784481.6,1
557882,21219396,6688232,4115008,6214684,557881.83,264131,31661593.92,0,5958909.12,1
181460,13692914,3618134,1554644,5339498,181459.46,0,14244931.2,0,10022479.68,1
453236,28658284,3667892,2507262,2827898,453236.92,189372,33480473.28,0,3935856.96,1
585910,32143680,3201796,2693370,2768516,585909.53,272921,36011692.8,0,4255173.12,1
7686,413962,64658,48758,116174,7686.53,3107,405039.36,89417.28,120292.8,1
960192,43434098,7895316,5933274,6499090,960191.75,378512,56662241.28,0,5854387.2,1
1205334,49637958,10123460,9540890,22150274,1205333.15,564600,65114578.56,0,22111287.36,1
593752,27386312,3153764,3074042,5532418,593752.13,243661,30584901.12,2299950.72,5688057.6,1
267842,14172072,6881790,2965410,7412950,267842.11,254358,16261493.76,10055095.68,4248333.12,1
84932,12664334,875816,1335118,1104764,84931.12,12758,8046731.52,930222.72,5348603.52,1
330810,10169314,13053546,8669350,31646464,330809.43,250229,36079336.32,831977.28,23447036.16,1
2111010,51643114,6613326,18574072,8977924,2111010.52,972651,104654128.3,0,15180918.72,1
361432,14303932,2957354,3672748,4083836,361432.27,156546,18047494.08,0,4962780.48,1
1231888,58128560,12022934,5358690,16487516,1231888.59,623526,63850227.84,15134767.68,13327529.28,1
156238,7649472,687432,845314,825256,156238.84,48278,7877278.08,0,1661703.36,1
1311602,60714744,6975838,8694106,6123192,1311601.4,498932,75254874.24,0,5782064.64,1
1213766,51033172,11251766,10941560,22973826,1213765.68,527494,65468784.96,9564194.88,17782152.96,1
734240,40890458,7382580,5259514,9397160,734239.88,315843,51405329.28,0,11215247.04,1
52242,3691824,344474,662376,320904,52242.33,23308,3882050.88,0,736584.96,1
583296,17059576,9500630,26045312,20737470,583296.35,237675,36110939.52,0,13983703.68,1
943898,42330156,2173282,13562632,6004984,943898.38,263024,45472414.08,0,7061176.32,1
123708,9980952,1305230,828168,2297612,123708.26,40670,8535617.28,3407157.12,1945089.6,1
687826,31454338,3748354,5117068,4277740,687825.23,280548,32777956.8,0,8388370.56,1
834824,33801118,6545586,6520406,10360412,834823.76,264521,47150328,0,7486888.32,1
74610,8638228,1019166,481084,1331944,74609.95,29216,4838741.76,4383188.16,2116471.68,1
961932,34371650,4077396,11197878,11087286,961931.67,392615,39440237.76,0,13711552.32,1
819820,40863074,4409336,5392784,4039472,819819.19,401235,49661389.44,0,3717872.64,1
846682,50930884,8850020,8224400,7667562,846681.98,332904,64755846.72,0,7339099.2,1
567758,29040370,4890858,5818700,7192786,567757.68,39282,32508409.92,0,10817631.36,1
224658,10882298,1366694,1041082,2256256,224657.84,72285,12084566.4,0,3131086.08,1
149100,20847686,1823220,1037380,2576316,149100.96,76975,11762256,11454288.96,2752329.6,1
570240,30657722,5903676,5286756,9204088,570240.01,310714,32665390.08,6675696,8947885.44,1
542640,40233758,3737872,3271996,3153426,542640.73,235539,66777301.44,0,18637775.04,1
1364674,68649084,9293518,9416302,8128918,1364673.51,573278,73516871.04,0,4805670.72,1
269606,11292554,1286730,5505572,1501468,269605.48,86255,14201474.88,0,852818.88,1
63064,2389126,563120,346236,362462,63063.87,24247,3167268.48,0,407088,1
845492,50705384,4563140,9256354,5724158,845491.3,0,45783176.64,9037872.96,7795178.88,1
592068,15458180,2611820,2193448,8451216,592068.75,217263,34621618.56,0,10394543.04,1
276170,15419312,5920032,5364308,8751316,276170.24,191050,24328416.96,10968,9029273.28,1
144934,25916934,2849784,1951606,5009894,144934.31,60722,14320231.68,13088239.68,6347153.28,1
309782,18433036,2306370,1102742,3784912,309781.88,152313,17451669.12,4950704.64,3222550.08,1
871252,41223322,5704246,8123006,9433586,871252.37,395978,45683881.92,10826697.6,3294667.2,1
645294,30264006,3281864,4764388,3352552,645294.73,288568,37308491.52,0,2886681.6,1
252534,11022218,1395584,1244322,1127254,252533.33,98188,13013364.48,0,1494583.68,1
698544,33067614,4709600,4509112,2615006,698544.04,352922,42358726.08,0,2072665.92,1
1686198,89101316,20498948,11853948,33758510,1686198.32,134032,101147058.2,37061302.08,16516630.08,1
773302,37290666,3266806,2358070,4470874,773301.38,294596,36212480.64,1511.04,11088223.68,1
172862,11827134,2961672,835512,4576624,172861.64,87782,11954703.36,512941.44,7631467.2,1
914608,43335776,6391016,5595070,8011730,914608.49,398286,53494283.52,0,8666484.48,1
212572,11125654,1249666,1420354,2330234,212572.57,87109,11865116.16,0,3592367.04,1
778214,32060758,10288882,9574228,15471664,778214.67,306275,51576084.48,0,12635568,1
781308,34846934,8278816,4204524,9518020,781307.21,443981,41788867.2,0,13626411.84,1
263178,17974136,4355070,5078562,4529028,263177.55,159567,25844568.96,0,4669540.8,1
1369158,8339066,4180976,3661582,5293608,1369158.89,560033,81328371.84,0,7549470.72,1
951546,39622814,6892686,4651220,18185628,951546.81,0,49358012.16,82172.16,19690030.08,1
963542,36359064,6570670,6406006,6423946,963542.34,429725,48551661.12,0,6002703.36,1
